service_id,city,provider_location_x,provider_location_y,service_category,review_avg,review_count,click_count,provider_age,provider_experience
1,Algiers,36.659517,2.954125,pestControl,3.4,40,33,55,1
2,Algiers,36.824541,3.038858,homeSecurity,3.5,45,6,28,1
3,Algiers,36.73976,2.962657,interiorDesign,4.4,6,76,56,18
4,Algiers,36.787884,3.168447,acRepair,4.1,45,61,39,5
5,Algiers,36.651096,3.113067,painting,3.3,15,49,44,6
6,Algiers,36.834807,3.091945,gardening,3.2,1,23,51,8
7,Algiers,36.750331,3.043656,applianceInstallation,3.1,10,93,29,2
8,Algiers,36.651857,3.032991,vehicleRepair,4.7,10,4,31,6
9,Algiers,36.891925,3.002167,furnitureAssembly,4.8,33,39,52,4
10,Algiers,36.659504,3.121581,acRepair,4.5,1,5,35,3
11,Algiers,36.85664,3.165446,acRepair,4.2,23,88,37,7
12,Algiers,36.814428,2.93176,plumbing,4.3,30,92,53,3
13,Algiers,36.772504,3.002152,vehicleRepair,3.0,16,85,46,5
14,Algiers,36.854966,3.080423,houseCleaning,4.0,37,60,57,4
15,Algiers,36.767853,2.898086,houseCleaning,4.1,26,30,59,10
16,Algiers,36.59893,3.126713,pestControl,4.5,29,88,35,1
17,Algiers,36.6254,2.913097,pestControl,4.3,5,87,46,19
18,Algiers,36.80483,3.17663,applianceInstallation,4.1,12,23,49,9
19,Algiers,36.712547,3.115693,electricity,3.4,21,50,56,10
20,Algiers,36.722803,3.13022,itSupport,3.1,28,9,49,13
21,Algiers,36.853442,2.922555,windowCleaning,4.6,32,62,48,3
22,Algiers,36.613075,2.900789,windowCleaning,4.7,40,13,49,18
23,Algiers,36.853165,3.158815,windowCleaning,3.9,13,84,59,10
24,Algiers,36.731347,2.963517,electricity,4.4,1,20,26,19
25,Algiers,36.615387,2.923438,vehicleRepair,3.7,10,25,58,20
26,Algiers,36.688165,3.171917,interiorDesign,3.5,41,75,45,1
27,Algiers,36.621272,3.112268,houseCleaning,4.0,39,16,39,8
28,Algiers,36.7529,2.983578,plumbing,4.5,37,71,25,19
29,Algiers,36.903552,3.107256,plumbing,4.1,48,5,36,4
30,Algiers,36.83401,3.029154,vehicleRepair,4.0,40,71,47,18
31,Algiers,36.897951,3.131156,houseCleaning,4.7,26,43,58,19
32,Algiers,36.829333,3.078507,itSupport,4.1,8,12,26,7
33,Algiers,36.625866,2.962852,houseCleaning,4.9,23,45,57,2
34,Algiers,36.639363,2.9886,carpentry,5.0,3,73,42,17
35,Algiers,36.88454,3.114562,gardening,4.9,34,27,47,1
36,Algiers,36.841291,3.164788,pestControl,4.9,2,62,55,2
37,Algiers,36.615828,2.999368,interiorDesign,3.6,24,0,28,17
38,Algiers,36.846823,3.078806,acRepair,4.2,39,40,26,13
39,Algiers,36.878832,2.954857,interiorDesign,3.9,14,3,35,20
40,Algiers,36.892045,3.188574,houseCleaning,4.9,42,34,52,1
41,Algiers,36.745493,2.90158,furnitureAssembly,4.5,20,38,27,13
42,Algiers,36.80893,2.957576,pestControl,3.1,28,8,57,6
43,Algiers,36.72785,2.898451,furnitureAssembly,3.1,43,41,30,6
44,Algiers,36.86763,2.928469,interiorDesign,4.5,26,5,51,7
45,Algiers,36.661567,2.976434,electricity,3.8,17,45,48,11
46,Algiers,36.686787,3.045427,pestControl,4.7,4,29,60,5
47,Algiers,36.657789,3.098634,houseCleaning,4.0,9,10,45,20
48,Algiers,36.613816,3.10113,windowCleaning,4.6,46,87,48,19
49,Algiers,36.804187,3.046034,carpentry,4.0,47,1,52,17
50,Algiers,36.852143,3.059351,plumbing,4.0,39,83,52,19
51,Algiers,36.736869,2.94835,plumbing,4.9,34,19,34,4
52,Algiers,36.776452,3.019287,carpentry,4.0,45,63,42,10
53,Algiers,36.644625,3.04583,pestControl,3.6,50,18,41,2
54,Algiers,36.643433,3.010882,acRepair,3.1,25,88,36,12
55,Algiers,36.820772,3.164544,electricity,3.4,15,90,45,16
56,Algiers,36.726685,3.143494,plumbing,4.0,17,83,26,19
57,Algiers,36.747006,3.116731,homeSecurity,3.2,18,59,51,5
58,Algiers,36.845984,3.029554,vehicleRepair,3.3,18,90,36,20
59,Algiers,36.626903,3.122676,pestControl,3.8,21,32,57,3
60,Algiers,36.870575,3.096608,itSupport,4.3,1,25,55,13
61,Algiers,36.664068,3.004342,acRepair,3.2,42,85,49,2
62,Algiers,36.682701,3.193203,vehicleRepair,4.4,17,32,31,14
63,Algiers,36.784868,3.074623,homeSecurity,3.7,30,85,40,15
64,Algiers,36.694727,3.098372,applianceInstallation,4.6,40,6,49,8
65,Algiers,36.862201,2.984478,plumbing,4.4,20,73,25,3
66,Algiers,36.888663,2.904942,interiorDesign,4.1,39,28,59,12
67,Algiers,36.716989,2.905112,painting,4.6,3,46,43,2
68,Algiers,36.873015,3.014388,gardening,3.2,4,97,58,15
69,Algiers,36.658407,3.02909,applianceInstallation,3.6,24,78,52,19
70,Algiers,36.881374,3.099378,furnitureAssembly,3.1,40,93,29,1
71,Algiers,36.806894,2.91328,electricity,4.0,27,40,38,9
72,Algiers,36.806507,3.102877,electricity,3.2,48,42,29,12
73,Algiers,36.892311,2.911368,itSupport,4.6,30,20,35,7
74,Algiers,36.871062,3.023856,plumbing,4.7,50,19,51,15
75,Algiers,36.884246,3.03099,acRepair,4.1,47,61,57,14
76,Algiers,36.679928,2.990157,gardening,3.2,28,35,48,11
77,Algiers,36.666673,3.137104,pestControl,3.9,47,92,31,7
78,Algiers,36.81689,3.119066,painting,3.9,11,64,36,4
79,Algiers,36.638113,3.023504,gardening,3.8,29,64,48,4
80,Algiers,36.595999,2.907706,vehicleRepair,3.7,8,8,47,11
81,Algiers,36.741941,2.937512,plumbing,3.7,35,71,30,12
82,Algiers,36.681775,3.096277,carpentry,4.7,12,94,33,19
83,Algiers,36.750443,2.940512,houseCleaning,3.3,39,81,47,3
84,Algiers,36.77514,3.086139,vehicleRepair,4.7,13,38,25,5
85,Algiers,36.692349,3.047426,homeSecurity,4.1,11,51,40,17
86,Algiers,36.841673,2.992085,vehicleRepair,4.1,46,67,51,6
87,Algiers,36.848285,3.154205,painting,3.3,45,67,45,7
88,Algiers,36.822028,3.157768,houseCleaning,4.8,35,87,28,18
89,Algiers,36.669772,3.12585,windowCleaning,4.2,41,89,28,11
90,Algiers,36.720753,3.04778,furnitureAssembly,3.7,14,71,51,19
91,Algiers,36.881715,3.08057,furnitureAssembly,4.2,9,80,44,16
92,Algiers,36.86908,2.918368,interiorDesign,3.9,14,66,49,16
93,Algiers,36.708166,3.14573,itSupport,4.3,34,98,25,6
94,Algiers,36.669723,3.020684,interiorDesign,4.4,8,57,54,19
95,Algiers,36.764217,3.020386,vehicleRepair,3.5,30,47,44,19
96,Algiers,36.818647,3.060566,plumbing,3.4,45,13,26,14
97,Algiers,36.836076,2.917291,interiorDesign,4.1,13,62,42,4
98,Algiers,36.781465,3.097108,gardening,3.4,1,53,54,19
99,Algiers,36.746165,3.113297,painting,4.3,31,6,45,6
100,Algiers,36.703694,2.972692,pestControl,4.3,18,13,39,5
101,Algiers,36.737959,2.929757,vehicleRepair,3.5,42,18,42,3
102,Algiers,36.850338,3.10929,pestControl,4.4,6,69,54,19
103,Algiers,36.83406,3.159908,vehicleRepair,3.2,44,48,33,11
104,Algiers,36.777071,3.164929,interiorDesign,4.1,4,67,38,12
105,Algiers,36.720517,2.98844,interiorDesign,5.0,28,30,40,13
106,Algiers,36.85153,3.205259,interiorDesign,4.7,25,90,42,14
107,Algiers,36.695351,3.179326,applianceInstallation,4.9,24,99,33,4
108,Algiers,36.889651,2.979398,gardening,3.4,46,65,26,1
109,Algiers,36.840139,3.181511,interiorDesign,4.8,38,75,39,14
110,Algiers,36.894529,2.958168,itSupport,3.5,9,42,29,9
111,Algiers,36.665232,3.029777,windowCleaning,4.5,25,14,54,6
112,Algiers,36.845216,2.911669,houseCleaning,3.8,3,55,40,8
113,Algiers,36.794213,2.904676,furnitureAssembly,4.4,16,71,51,14
114,Algiers,36.754149,3.094962,vehicleRepair,3.9,8,64,56,17
115,Algiers,36.814082,3.037202,homeSecurity,3.7,39,20,30,11
116,Algiers,36.761972,2.958163,itSupport,4.2,19,59,42,8
117,Algiers,36.765206,3.120953,pestControl,4.7,50,20,47,16
118,Algiers,36.792488,2.941335,interiorDesign,4.0,46,33,60,14
119,Algiers,36.884703,2.916773,acRepair,3.0,9,34,52,12
120,Algiers,36.708459,3.162328,vehicleRepair,3.4,45,2,57,14
121,Algiers,36.758948,3.120936,applianceInstallation,4.9,2,29,30,9
122,Algiers,36.682459,3.005357,carpentry,3.5,12,39,53,9
123,Algiers,36.693612,3.169399,vehicleRepair,4.2,18,86,32,10
124,Algiers,36.775669,3.189203,furnitureAssembly,4.5,22,92,31,17
125,Algiers,36.747266,2.960385,houseCleaning,3.8,19,69,54,9
126,Algiers,36.654794,3.130158,applianceInstallation,4.9,40,44,52,10
127,Algiers,36.671461,3.054149,vehicleRepair,3.2,21,100,41,1
128,Algiers,36.735003,2.99778,interiorDesign,4.3,32,7,57,10
129,Algiers,36.801921,2.978623,vehicleRepair,4.1,2,67,43,17
130,Algiers,36.699492,3.16423,itSupport,4.7,24,81,38,17
131,Algiers,36.807227,3.106199,pestControl,3.3,6,80,52,6
132,Algiers,36.753253,2.917704,painting,3.7,30,64,25,3
133,Algiers,36.662137,3.168161,acRepair,3.8,27,57,29,12
134,Algiers,36.825501,3.179791,houseCleaning,4.0,11,43,55,5
135,Algiers,36.836165,3.109875,electricity,5.0,25,14,57,18
136,Algiers,36.819951,2.964812,itSupport,3.8,3,93,39,17
137,Algiers,36.803034,3.112555,electricity,3.5,25,61,28,1
138,Algiers,36.803742,3.029799,carpentry,4.7,7,31,37,15
139,Algiers,36.721271,2.977936,vehicleRepair,4.1,27,44,53,1
140,Algiers,36.740224,3.168337,pestControl,3.7,31,4,48,19
141,Algiers,36.837407,3.149866,pestControl,4.3,10,79,42,8
142,Algiers,36.696652,3.135318,applianceInstallation,4.2,12,38,49,5
143,Algiers,36.793743,3.109017,carpentry,3.1,22,58,44,10
144,Algiers,36.765721,3.16183,painting,4.6,50,50,56,15
145,Algiers,36.697162,3.151731,furnitureAssembly,4.3,28,67,55,9
146,Algiers,36.648586,2.933781,houseCleaning,3.4,34,25,37,9
147,Algiers,36.746416,2.972945,gardening,4.4,9,60,51,10
148,Algiers,36.746042,3.04885,interiorDesign,3.9,47,17,26,13
149,Algiers,36.718861,3.072442,applianceInstallation,3.4,13,53,29,16
150,Algiers,36.775492,3.007269,carpentry,4.7,18,84,47,16
151,Algiers,36.647351,3.159259,carpentry,4.8,49,21,42,18
152,Algiers,36.798954,3.047941,applianceInstallation,4.7,2,45,54,7
153,Algiers,36.70858,3.100214,interiorDesign,4.3,8,21,39,10
154,Algiers,36.819718,3.102406,electricity,3.2,16,19,42,19
155,Algiers,36.829681,3.205323,pestControl,3.3,10,54,36,19
156,Algiers,36.838919,2.914222,applianceInstallation,4.2,23,93,31,10
157,Algiers,36.616161,3.048547,furnitureAssembly,4.6,30,70,52,13
158,Algiers,36.605352,2.949925,carpentry,4.0,42,71,50,2
159,Algiers,36.655698,3.159611,houseCleaning,4.9,6,6,44,16
160,Algiers,36.883722,3.027797,homeSecurity,4.6,20,71,29,4
161,Algiers,36.731676,2.999468,windowCleaning,3.1,30,38,59,4
162,Algiers,36.857977,2.954402,gardening,4.5,25,89,59,10
163,Algiers,36.893864,3.015487,homeSecurity,3.8,41,9,37,2
164,Algiers,36.809165,2.933666,itSupport,4.1,29,18,35,1
165,Algiers,36.83683,3.043969,homeSecurity,4.9,6,49,28,9
166,Algiers,36.87587,2.974135,interiorDesign,4.6,32,50,57,12
167,Algiers,36.791637,3.134681,vehicleRepair,3.6,29,74,58,2
168,Algiers,36.875094,3.089679,houseCleaning,4.9,47,67,40,16
169,Algiers,36.835169,3.206737,windowCleaning,3.9,46,43,59,16
170,Algiers,36.881183,3.177543,acRepair,3.4,40,60,39,11
171,Algiers,36.695851,3.140903,acRepair,3.3,31,73,47,4
172,Algiers,36.666856,3.090234,interiorDesign,3.3,45,24,36,1
173,Algiers,36.698775,2.954359,acRepair,4.9,48,7,53,11
174,Algiers,36.801073,3.059996,plumbing,4.0,39,43,58,19
175,Algiers,36.809406,2.952194,homeSecurity,4.4,7,25,40,17
176,Algiers,36.869126,3.104262,itSupport,4.4,5,59,48,4
177,Algiers,36.651457,3.202876,electricity,4.6,2,48,55,15
178,Algiers,36.612962,3.043482,pestControl,3.7,31,100,46,15
179,Algiers,36.731115,2.938335,houseCleaning,4.3,37,32,53,20
180,Algiers,36.67293,3.149709,acRepair,3.0,1,11,59,4
181,Algiers,36.648025,3.184541,carpentry,4.0,27,61,58,8
182,Algiers,36.650139,3.003866,plumbing,3.5,6,84,31,3
183,Algiers,36.633431,2.944255,itSupport,4.8,7,61,51,4
184,Algiers,36.754406,3.191569,pestControl,3.3,45,0,49,4
185,Algiers,36.739342,3.183278,gardening,4.9,19,42,45,8
186,Algiers,36.832519,2.992227,vehicleRepair,3.2,20,31,26,12
187,Algiers,36.781326,2.996119,houseCleaning,4.3,19,13,27,10
188,Algiers,36.871052,2.953382,carpentry,3.2,16,32,58,19
189,Algiers,36.815202,3.058469,acRepair,4.7,25,29,36,6
190,Algiers,36.670177,3.199314,acRepair,3.1,1,92,52,11
191,Algiers,36.770692,3.169805,windowCleaning,3.9,29,80,39,12
192,Algiers,36.634928,3.0612,applianceInstallation,3.9,48,34,27,1
193,Algiers,36.624635,2.95453,pestControl,4.8,11,29,56,15
194,Algiers,36.901573,3.116883,windowCleaning,3.7,39,69,25,2
195,Algiers,36.716672,3.112653,gardening,4.7,34,44,55,20
196,Algiers,36.718828,3.015564,acRepair,4.6,24,14,53,14
197,Algiers,36.797883,2.913404,painting,3.1,17,54,51,3
198,Algiers,36.654171,3.124891,acRepair,4.0,15,42,42,5
199,Algiers,36.655731,2.896985,houseCleaning,4.2,32,37,42,1
200,Algiers,36.830346,3.158635,interiorDesign,4.2,20,45,56,11
201,Oran,35.786479,-0.615736,interiorDesign,3.4,36,65,26,14
202,Oran,35.613367,-0.645741,windowCleaning,3.6,39,30,49,3
203,Oran,35.703139,-0.540345,homeSecurity,4.8,4,64,25,1
204,Oran,35.619517,-0.755788,vehicleRepair,4.2,4,96,57,17
205,Oran,35.741266,-0.78378,homeSecurity,4.6,38,18,42,20
206,Oran,35.809321,-0.771386,homeSecurity,4.2,49,66,53,11
207,Oran,35.75629,-0.771261,vehicleRepair,3.5,29,4,31,9
208,Oran,35.62626,-0.508503,houseCleaning,4.9,36,82,44,4
209,Oran,35.684316,-0.636706,electricity,3.8,7,90,44,2
210,Oran,35.639289,-0.674434,homeSecurity,4.1,36,12,55,2
211,Oran,35.681652,-0.680211,carpentry,4.2,37,98,55,7
212,Oran,35.720017,-0.791642,homeSecurity,4.3,1,71,36,10
213,Oran,35.729082,-0.782886,plumbing,4.6,2,74,53,16
214,Oran,35.719588,-0.722312,furnitureAssembly,3.6,49,100,49,13
215,Oran,35.628536,-0.654759,houseCleaning,4.9,28,1,27,13
216,Oran,35.757514,-0.792334,windowCleaning,4.4,2,33,55,15
217,Oran,35.791251,-0.771841,gardening,4.3,2,14,44,6
218,Oran,35.665,-0.596591,windowCleaning,3.2,20,59,45,2
219,Oran,35.802579,-0.697466,gardening,4.9,2,17,26,13
220,Oran,35.687339,-0.563139,gardening,4.6,22,29,29,1
221,Oran,35.669668,-0.556392,vehicleRepair,4.4,25,22,31,14
222,Oran,35.611919,-0.654086,itSupport,4.3,36,49,39,12
223,Oran,35.643499,-0.562727,carpentry,5.0,38,13,49,19
224,Oran,35.615218,-0.551755,plumbing,3.5,49,3,25,14
225,Oran,35.753353,-0.778896,windowCleaning,4.3,48,46,33,19
226,Oran,35.598475,-0.572118,houseCleaning,4.4,33,34,41,12
227,Oran,35.591593,-0.73138,electricity,3.6,33,18,46,18
228,Oran,35.62455,-0.724082,carpentry,4.0,50,56,34,8
229,Oran,35.741594,-0.65681,vehicleRepair,3.1,21,28,50,9
230,Oran,35.790566,-0.64794,houseCleaning,4.5,20,41,32,19
231,Oran,35.633413,-0.598416,interiorDesign,3.1,50,36,57,6
232,Oran,35.790783,-0.550458,carpentry,3.1,46,72,35,7
233,Oran,35.710103,-0.781074,vehicleRepair,4.7,25,67,45,9
234,Oran,35.638252,-0.669853,windowCleaning,4.6,22,91,25,15
235,Oran,35.728756,-0.565292,vehicleRepair,4.0,5,58,48,8
236,Oran,35.682919,-0.754417,painting,3.2,31,45,34,17
237,Oran,35.69247,-0.680493,itSupport,4.3,28,68,43,2
238,Oran,35.704334,-0.630053,acRepair,3.4,14,40,25,3
239,Oran,35.688952,-0.598159,vehicleRepair,4.7,19,22,38,1
240,Oran,35.670228,-0.562883,pestControl,4.6,29,47,60,10
241,Oran,35.66156,-0.617576,electricity,3.1,13,38,25,6
242,Oran,35.690628,-0.583109,vehicleRepair,3.7,15,56,29,13
243,Oran,35.732094,-0.655649,electricity,3.8,31,7,52,9
244,Oran,35.678688,-0.4956,itSupport,4.6,21,17,49,1
245,Oran,35.608602,-0.763263,plumbing,4.2,3,56,60,10
246,Oran,35.623626,-0.590476,acRepair,3.7,15,28,25,18
247,Oran,35.709585,-0.759637,pestControl,4.2,11,5,36,5
248,Oran,35.747722,-0.716249,plumbing,3.4,10,30,46,5
249,Oran,35.777773,-0.760439,furnitureAssembly,4.0,17,98,54,7
250,Oran,35.631469,-0.52754,houseCleaning,4.3,47,10,52,6
251,Oran,35.759223,-0.707469,houseCleaning,4.7,7,45,29,1
252,Oran,35.766737,-0.687477,windowCleaning,4.1,29,98,32,2
253,Oran,35.645401,-0.598604,plumbing,3.3,40,9,39,5
254,Oran,35.754617,-0.799181,acRepair,4.2,2,63,29,1
255,Oran,35.783239,-0.795622,homeSecurity,3.8,26,54,58,12
256,Oran,35.681778,-0.708704,carpentry,4.7,6,27,60,2
257,Oran,35.688246,-0.539003,plumbing,4.8,48,37,56,5
258,Oran,35.670743,-0.622788,pestControl,3.0,21,41,36,13
259,Oran,35.702908,-0.489284,carpentry,4.8,46,10,29,19
260,Oran,35.615347,-0.699586,electricity,3.6,12,21,57,16
261,Oran,35.622688,-0.515015,carpentry,3.9,5,5,28,8
262,Oran,35.731305,-0.675995,windowCleaning,3.8,46,77,26,20
263,Oran,35.757348,-0.682832,applianceInstallation,4.0,45,80,34,16
264,Oran,35.67445,-0.62282,painting,3.7,22,88,38,13
265,Oran,35.697624,-0.71818,acRepair,4.1,47,30,49,20
266,Oran,35.683619,-0.588614,itSupport,3.9,48,14,53,20
267,Oran,35.705756,-0.717873,vehicleRepair,4.7,3,75,28,14
268,Oran,35.77358,-0.712266,electricity,3.3,19,92,35,14
269,Oran,35.710015,-0.80097,furnitureAssembly,3.7,42,15,59,1
270,Oran,35.744755,-0.596925,electricity,3.9,44,93,42,8
271,Oran,35.666912,-0.72744,vehicleRepair,3.1,29,86,50,18
272,Oran,35.684409,-0.611399,windowCleaning,4.4,49,12,35,10
273,Oran,35.65859,-0.747662,carpentry,4.6,27,50,35,4
274,Oran,35.734493,-0.541002,acRepair,3.0,24,75,54,3
275,Oran,35.61543,-0.667803,pestControl,3.2,34,15,46,15
276,Oran,35.611876,-0.559727,interiorDesign,4.5,29,10,27,16
277,Oran,35.785875,-0.805739,gardening,3.0,14,4,53,6
278,Oran,35.602416,-0.736447,homeSecurity,4.5,15,54,35,16
279,Oran,35.700418,-0.60395,acRepair,3.2,36,41,48,15
280,Oran,35.632282,-0.61491,acRepair,4.0,31,91,41,2
281,Oran,35.705607,-0.719237,applianceInstallation,4.7,25,21,47,14
282,Oran,35.743321,-0.62876,acRepair,3.3,1,87,49,5
283,Oran,35.62986,-0.750809,houseCleaning,4.5,37,59,51,9
284,Oran,35.661933,-0.523711,vehicleRepair,3.6,46,28,52,17
285,Oran,35.683442,-0.5077,painting,3.9,49,34,54,5
286,Oran,35.715494,-0.760899,electricity,3.8,3,27,37,2
287,Oran,35.638927,-0.741791,gardening,3.5,1,34,60,1
288,Oran,35.663933,-0.659754,electricity,3.0,8,96,43,9
289,Oran,35.696721,-0.589059,painting,3.4,49,35,59,18
290,Oran,35.64123,-0.595212,acRepair,4.9,47,88,38,17
291,Oran,35.680342,-0.572393,electricity,3.6,10,23,54,12
292,Oran,35.634151,-0.670103,homeSecurity,4.3,8,71,58,13
293,Oran,35.710075,-0.526249,carpentry,4.3,40,66,60,17
294,Oran,35.709248,-0.773924,interiorDesign,4.2,9,56,26,15
295,Oran,35.775814,-0.707829,homeSecurity,4.5,24,28,58,17
296,Oran,35.628457,-0.699141,acRepair,3.5,32,39,55,13
297,Oran,35.789098,-0.726489,pestControl,3.4,14,53,27,15
298,Oran,35.729131,-0.568264,pestControl,3.7,14,87,32,17
299,Oran,35.74577,-0.711099,interiorDesign,4.3,10,45,46,1
300,Oran,35.770538,-0.683298,vehicleRepair,4.1,25,72,41,18
301,Oran,35.685526,-0.667702,acRepair,4.1,27,28,36,5
302,Oran,35.653429,-0.61406,interiorDesign,3.4,3,50,37,5
303,Oran,35.75477,-0.753342,vehicleRepair,4.6,25,64,57,11
304,Oran,35.762633,-0.645533,interiorDesign,3.9,14,34,44,1
305,Oran,35.777928,-0.570358,windowCleaning,3.8,9,40,58,8
306,Oran,35.689396,-0.615423,pestControl,4.4,7,66,45,2
307,Oran,35.626846,-0.577256,interiorDesign,4.0,48,44,54,14
308,Oran,35.771714,-0.668371,painting,4.7,30,79,51,8
309,Oran,35.693413,-0.641314,homeSecurity,4.2,28,2,37,18
310,Oran,35.690404,-0.772381,plumbing,3.4,47,22,46,20
311,Oran,35.787711,-0.730453,applianceInstallation,4.9,48,94,54,13
312,Oran,35.665707,-0.63943,painting,4.4,3,2,34,13
313,Oran,35.785246,-0.716934,painting,4.0,22,4,25,20
314,Oran,35.62408,-0.653933,itSupport,4.1,7,4,52,2
315,Oran,35.740119,-0.542697,pestControl,3.4,33,36,56,12
316,Oran,35.610975,-0.647417,houseCleaning,5.0,8,25,59,18
317,Oran,35.710444,-0.751084,houseCleaning,4.5,28,17,37,11
318,Oran,35.641398,-0.658386,windowCleaning,4.1,5,86,36,15
319,Oran,35.760492,-0.645295,applianceInstallation,3.8,18,46,29,11
320,Oran,35.604921,-0.756494,houseCleaning,3.3,5,60,47,9
321,Oran,35.705376,-0.691423,carpentry,4.6,7,75,51,4
322,Oran,35.626179,-0.800661,pestControl,3.9,8,55,37,14
323,Oran,35.662523,-0.688546,windowCleaning,3.3,3,33,40,3
324,Oran,35.722234,-0.717739,homeSecurity,4.7,1,70,37,3
325,Oran,35.667015,-0.597189,vehicleRepair,4.9,37,71,29,7
326,Oran,35.635729,-0.788232,painting,4.6,23,12,55,13
327,Oran,35.628775,-0.774361,itSupport,3.8,35,87,25,2
328,Oran,35.652736,-0.588032,houseCleaning,4.5,41,1,40,19
329,Oran,35.628953,-0.758945,interiorDesign,3.8,2,42,50,16
330,Oran,35.711435,-0.779488,homeSecurity,4.5,8,47,26,20
331,Oran,35.778945,-0.685641,electricity,3.5,49,86,51,1
332,Oran,35.641571,-0.668425,houseCleaning,3.7,20,55,51,8
333,Oran,35.697204,-0.649025,electricity,4.4,5,24,31,3
334,Oran,35.773249,-0.600129,pestControl,3.2,28,83,37,15
335,Oran,35.739289,-0.559637,carpentry,3.2,11,52,53,5
336,Oran,35.667255,-0.551733,electricity,4.5,8,18,35,17
337,Oran,35.695398,-0.637399,vehicleRepair,3.5,21,55,55,8
338,Oran,35.763297,-0.697564,gardening,4.5,24,98,43,6
339,Oran,35.665746,-0.782782,gardening,3.7,50,63,50,14
340,Oran,35.691358,-0.751121,painting,4.3,2,46,51,2
341,Oran,35.623083,-0.614056,houseCleaning,4.7,46,87,44,10
342,Oran,35.652294,-0.698787,gardening,4.7,38,67,39,6
343,Oran,35.693221,-0.545495,applianceInstallation,3.3,44,80,29,14
344,Oran,35.655059,-0.534528,pestControl,4.5,41,67,41,1
345,Oran,35.676524,-0.707621,acRepair,3.5,23,98,43,12
346,Oran,35.717937,-0.657482,painting,4.7,4,1,37,5
347,Oran,35.78499,-0.582734,carpentry,3.6,25,81,46,18
348,Oran,35.709482,-0.744582,vehicleRepair,4.6,39,64,40,15
349,Oran,35.646921,-0.679326,homeSecurity,3.6,48,89,33,20
350,Oran,35.605588,-0.580334,gardening,3.1,24,99,59,1
351,Constantine,36.325587,6.577969,carpentry,3.2,20,69,37,3
352,Constantine,36.313369,6.659748,painting,3.1,48,65,40,19
353,Constantine,36.244815,6.67847,interiorDesign,3.4,11,38,32,1
354,Constantine,36.344529,6.543885,electricity,5.0,4,33,60,14
355,Constantine,36.332816,6.668954,applianceInstallation,4.2,14,81,35,3
356,Constantine,36.382999,6.566783,furnitureAssembly,4.1,42,54,53,8
357,Constantine,36.224823,6.601125,gardening,4.4,17,32,27,1
358,Constantine,36.363288,6.66362,homeSecurity,4.3,17,98,38,14
359,Constantine,36.388684,6.62931,furnitureAssembly,4.0,44,30,55,19
360,Constantine,36.320489,6.533869,furnitureAssembly,4.5,33,2,43,16
361,Constantine,36.208929,6.520306,electricity,3.7,24,32,34,20
362,Constantine,36.232037,6.698032,vehicleRepair,4.3,40,7,47,14
363,Constantine,36.295075,6.541574,applianceInstallation,3.3,31,95,55,14
364,Constantine,36.359475,6.579328,furnitureAssembly,3.9,6,55,60,19
365,Constantine,36.178724,6.527793,electricity,3.3,37,83,31,19
366,Constantine,36.403656,6.699595,applianceInstallation,4.4,7,22,50,4
367,Constantine,36.346973,6.53484,plumbing,4.3,11,42,38,7
368,Constantine,36.282831,6.661259,electricity,5.0,44,14,30,5
369,Constantine,36.271932,6.584615,pestControl,3.8,21,4,36,13
370,Constantine,36.337722,6.538714,applianceInstallation,4.3,32,22,28,16
371,Constantine,36.210386,6.590044,carpentry,4.6,12,57,52,14
372,Constantine,36.237749,6.525917,carpentry,3.6,5,24,46,20
373,Constantine,36.378874,6.66907,itSupport,4.2,21,9,51,3
374,Constantine,36.397552,6.672298,carpentry,4.4,4,80,40,2
375,Constantine,36.392301,6.53162,vehicleRepair,4.7,4,85,32,4
376,Constantine,36.196497,6.624545,electricity,4.7,2,36,58,17
377,Constantine,36.228103,6.545992,carpentry,3.8,47,40,36,6
378,Constantine,36.295892,6.685851,vehicleRepair,3.5,8,46,50,13
379,Constantine,36.333322,6.550326,itSupport,3.4,41,69,30,1
380,Constantine,36.228697,6.668905,windowCleaning,4.7,40,59,54,4
381,Constantine,36.291511,6.568308,windowCleaning,4.6,8,5,40,5
382,Constantine,36.241736,6.632306,itSupport,3.8,14,39,60,17
383,Constantine,36.310248,6.608054,vehicleRepair,4.2,37,35,32,20
384,Constantine,36.293175,6.548921,pestControl,3.1,31,93,57,15
385,Constantine,36.383581,6.558779,carpentry,3.8,25,17,39,2
386,Constantine,36.379207,6.669677,itSupport,3.3,31,82,39,7
387,Constantine,36.320625,6.697009,interiorDesign,3.9,5,99,41,19
388,Constantine,36.288631,6.611108,applianceInstallation,4.8,1,47,29,3
389,Constantine,36.207383,6.649215,acRepair,4.4,8,52,47,1
390,Constantine,36.286829,6.564095,plumbing,4.0,35,83,26,7
391,Constantine,36.314394,6.644071,electricity,4.5,46,4,27,8
392,Constantine,36.393816,6.607998,acRepair,4.3,34,92,55,5
393,Constantine,36.335081,6.691732,vehicleRepair,3.2,42,27,39,11
394,Constantine,36.350176,6.669285,vehicleRepair,4.0,31,35,58,7
395,Constantine,36.240935,6.657445,furnitureAssembly,3.2,25,60,48,11
396,Constantine,36.243709,6.59672,houseCleaning,3.6,4,62,26,12
397,Constantine,36.341079,6.50941,carpentry,3.6,40,36,38,7
398,Constantine,36.328985,6.624689,furnitureAssembly,5.0,41,20,48,9
399,Constantine,36.367673,6.67582,electricity,4.0,28,79,39,3
400,Constantine,36.370598,6.498238,carpentry,4.0,17,71,34,3
401,Constantine,36.2142,6.675602,carpentry,3.6,50,27,40,6
402,Constantine,36.388531,6.618478,pestControl,4.7,49,51,39,17
403,Constantine,36.225774,6.594762,pestControl,3.4,42,40,49,12
404,Constantine,36.375115,6.579268,homeSecurity,4.1,21,72,44,16
405,Constantine,36.348097,6.561932,pestControl,3.1,29,61,42,14
406,Constantine,36.397167,6.595303,houseCleaning,3.2,25,78,56,8
407,Constantine,36.309046,6.675725,plumbing,3.6,12,44,26,15
408,Constantine,36.292684,6.59457,plumbing,4.8,18,11,36,11
409,Constantine,36.309309,6.529949,gardening,5.0,3,95,47,19
410,Constantine,36.205948,6.584013,plumbing,4.3,4,75,52,20
411,Constantine,36.314612,6.499808,windowCleaning,3.3,1,93,38,20
412,Constantine,36.37732,6.695704,carpentry,3.2,33,98,27,13
413,Constantine,36.257958,6.671665,acRepair,3.9,42,70,42,14
414,Constantine,36.275415,6.554013,furnitureAssembly,5.0,30,67,35,13
415,Constantine,36.226584,6.663426,furnitureAssembly,3.0,39,10,33,15
416,Constantine,36.326396,6.609438,gardening,4.8,17,6,38,13
417,Constantine,36.268236,6.568282,furnitureAssembly,3.2,44,26,36,3
418,Constantine,36.26968,6.684103,interiorDesign,4.7,33,71,42,2
419,Constantine,36.326497,6.665634,applianceInstallation,3.8,28,78,46,15
420,Constantine,36.349205,6.654281,houseCleaning,3.3,36,43,57,5
421,Constantine,36.395746,6.57766,carpentry,4.1,41,74,40,4
422,Constantine,36.331807,6.669578,acRepair,5.0,9,75,51,2
423,Constantine,36.358097,6.589728,houseCleaning,4.1,36,55,58,18
424,Constantine,36.32421,6.627937,acRepair,4.2,25,31,55,10
425,Constantine,36.286287,6.599906,pestControl,4.9,21,2,57,18
426,Constantine,36.315817,6.650208,electricity,3.3,28,6,34,20
427,Constantine,36.351038,6.508254,interiorDesign,3.2,20,32,32,15
428,Constantine,36.400346,6.542306,applianceInstallation,3.3,34,61,46,9
429,Constantine,36.220848,6.588322,pestControl,4.0,20,44,47,2
430,Constantine,36.233243,6.56911,gardening,4.7,34,33,57,19
431,Constantine,36.259495,6.550207,gardening,4.1,7,77,26,14
432,Constantine,36.313591,6.614065,windowCleaning,3.8,7,25,44,8
433,Constantine,36.212796,6.633887,electricity,4.1,29,68,39,13
434,Constantine,36.274703,6.624342,interiorDesign,3.6,46,100,33,14
435,Constantine,36.233199,6.530752,windowCleaning,4.4,12,88,56,18
436,Constantine,36.372305,6.619785,acRepair,3.6,3,44,53,13
437,Constantine,36.397471,6.542359,vehicleRepair,3.7,44,85,27,20
438,Constantine,36.354173,6.62103,plumbing,4.4,4,21,56,11
439,Constantine,36.34184,6.671477,pestControl,3.0,19,91,60,15
440,Constantine,36.270854,6.511861,plumbing,3.9,38,65,25,16
441,Constantine,36.356062,6.665493,windowCleaning,3.9,39,96,31,5
442,Constantine,36.30528,6.501021,interiorDesign,4.6,8,25,29,16
443,Constantine,36.221141,6.578628,electricity,3.1,44,53,27,11
444,Constantine,36.260762,6.644371,carpentry,3.2,35,16,37,12
445,Constantine,36.203117,6.586631,interiorDesign,3.5,47,76,45,3
446,Constantine,36.326648,6.511862,carpentry,3.1,2,3,26,5
447,Constantine,36.273242,6.596006,acRepair,4.4,6,64,43,2
448,Constantine,36.284253,6.66287,plumbing,3.3,27,44,34,6
449,Constantine,36.340672,6.513178,applianceInstallation,4.6,50,47,44,20
450,Constantine,36.279342,6.643817,windowCleaning,3.5,46,38,32,1
451,Constantine,36.390097,6.61146,gardening,4.9,48,33,44,11
452,Constantine,36.366024,6.587953,homeSecurity,3.3,25,5,36,3
453,Constantine,36.306921,6.532557,gardening,4.3,43,25,48,9
454,Constantine,36.217255,6.60312,vehicleRepair,4.4,7,95,47,11
455,Constantine,36.294163,6.53339,itSupport,4.8,38,4,45,12
456,Constantine,36.220762,6.608167,plumbing,3.0,1,31,47,1
457,Constantine,36.253799,6.642823,furnitureAssembly,4.9,21,100,53,16
458,Constantine,36.195233,6.686652,homeSecurity,4.7,1,65,59,20
459,Constantine,36.383648,6.608787,gardening,4.8,49,43,40,9
460,Constantine,36.337831,6.566925,furnitureAssembly,3.4,20,52,55,8
461,Constantine,36.329509,6.572067,pestControl,4.3,43,83,37,11
462,Constantine,36.240026,6.558241,carpentry,3.2,45,23,28,14
463,Constantine,36.271217,6.692964,homeSecurity,4.0,7,96,35,1
464,Constantine,36.337177,6.629448,carpentry,4.4,20,1,44,15
465,Constantine,36.389554,6.679976,itSupport,3.9,40,95,30,14
466,Constantine,36.281185,6.594998,pestControl,3.9,31,40,38,16
467,Constantine,36.261847,6.560337,electricity,4.5,1,48,37,17
468,Constantine,36.35949,6.682215,acRepair,4.2,10,41,34,3
469,Constantine,36.221946,6.525708,houseCleaning,4.5,39,68,46,1
470,Constantine,36.240975,6.652718,windowCleaning,3.5,47,19,54,12
471,Constantine,36.291948,6.691345,itSupport,4.0,33,1,39,7
472,Constantine,36.232648,6.592873,vehicleRepair,4.0,27,0,35,13
473,Constantine,36.25169,6.620239,pestControl,3.7,6,72,41,6
474,Constantine,36.375772,6.561227,gardening,3.6,24,98,44,4
475,Constantine,36.310488,6.58096,furnitureAssembly,4.4,26,21,55,1
476,Constantine,36.353588,6.6224,windowCleaning,4.0,12,15,53,1
477,Constantine,36.344041,6.683788,carpentry,3.6,41,50,39,11
478,Constantine,36.377302,6.574992,furnitureAssembly,4.0,32,47,47,16
479,Constantine,36.327425,6.545554,windowCleaning,4.7,25,12,46,16
480,Constantine,36.341675,6.607247,interiorDesign,4.3,37,37,60,5
481,Constantine,36.279956,6.560568,carpentry,4.0,50,97,38,12
482,Constantine,36.22001,6.619045,furnitureAssembly,5.0,6,22,38,11
483,Constantine,36.337389,6.612365,carpentry,3.6,18,17,45,2
484,Constantine,36.2446,6.548269,gardening,3.8,17,81,55,8
485,Constantine,36.337619,6.567597,electricity,4.5,40,2,55,1
486,Constantine,36.270448,6.697736,vehicleRepair,4.9,37,50,46,14
487,Constantine,36.320014,6.560492,homeSecurity,4.5,20,71,25,2
488,Constantine,36.347344,6.612365,furnitureAssembly,4.4,2,62,46,3
489,Constantine,36.301918,6.586555,acRepair,4.1,3,79,49,12
490,Constantine,36.29329,6.535915,homeSecurity,4.3,34,25,28,14
491,Constantine,36.300814,6.495143,carpentry,4.2,9,8,27,9
492,Constantine,36.227264,6.564674,windowCleaning,3.8,5,4,48,16
493,Constantine,36.207908,6.640882,itSupport,4.4,35,3,60,1
494,Constantine,36.328387,6.576462,interiorDesign,3.5,35,57,45,10
495,Constantine,36.328084,6.526199,itSupport,3.1,10,48,25,13
496,Constantine,36.257044,6.688627,windowCleaning,4.3,36,29,35,12
497,Constantine,36.362017,6.505996,painting,3.0,45,35,37,18
498,Constantine,36.329918,6.561102,gardening,4.2,33,43,45,2
499,Constantine,36.385011,6.494622,acRepair,3.8,18,0,39,13
500,Constantine,36.243266,6.664494,plumbing,4.1,44,96,42,10
501,Annaba,36.975253,7.651006,gardening,4.7,32,22,45,2
502,Annaba,36.93186,7.683588,homeSecurity,3.6,6,82,53,10
503,Annaba,37.012512,7.727137,gardening,4.5,34,51,58,13
504,Annaba,37.038106,7.687842,plumbing,4.0,1,61,44,20
505,Annaba,36.980459,7.692816,electricity,4.1,32,17,60,11
506,Annaba,36.954772,7.775614,gardening,4.0,5,80,28,13
507,Annaba,36.848765,7.709354,plumbing,3.3,47,25,46,4
508,Annaba,36.814505,7.769546,plumbing,4.7,50,86,50,14
509,Annaba,37.057344,7.715772,acRepair,4.9,25,10,40,9
510,Annaba,36.960119,7.661462,interiorDesign,4.0,33,59,56,2
511,Annaba,37.100777,7.72756,furnitureAssembly,4.4,25,45,34,19
512,Annaba,36.923028,7.749526,pestControl,3.6,11,4,26,17
513,Annaba,36.859065,7.78373,houseCleaning,4.1,9,13,26,10
514,Annaba,37.010313,7.775711,gardening,4.8,35,26,25,15
515,Annaba,37.03933,7.654368,painting,4.8,50,86,44,4
516,Annaba,36.942353,7.785729,homeSecurity,4.0,19,83,41,9
517,Annaba,37.037374,7.617437,pestControl,4.5,44,49,33,13
518,Annaba,36.87151,7.628277,electricity,4.5,16,23,36,19
519,Annaba,37.087568,7.746956,acRepair,3.4,35,69,41,15
520,Annaba,37.008405,7.680962,electricity,4.9,42,100,49,19
521,Annaba,36.980586,7.621598,acRepair,4.2,1,21,47,7
522,Annaba,37.025033,7.690607,vehicleRepair,3.0,37,43,34,4
523,Annaba,36.832578,7.721109,furnitureAssembly,3.8,27,44,43,14
524,Annaba,37.060562,7.73248,windowCleaning,3.6,35,88,52,20
525,Annaba,37.040159,7.654446,carpentry,4.8,20,46,30,9
526,Annaba,36.993514,7.613052,furnitureAssembly,4.1,9,35,51,4
527,Annaba,36.933579,7.690978,pestControl,4.6,48,7,52,10
528,Annaba,36.817628,7.673537,interiorDesign,4.8,8,7,39,11
529,Annaba,37.091308,7.793439,vehicleRepair,4.4,43,69,33,5
530,Annaba,36.969535,7.793562,homeSecurity,4.8,47,71,27,16
531,Annaba,36.867522,7.742573,vehicleRepair,3.9,24,42,37,9
532,Annaba,36.937564,7.670131,furnitureAssembly,4.8,5,64,31,20
533,Annaba,36.874871,7.71515,pestControl,4.1,1,69,50,18
534,Annaba,37.050557,7.763339,electricity,4.6,26,100,33,8
535,Annaba,37.02859,7.681993,furnitureAssembly,3.7,39,39,43,10
536,Annaba,37.076486,7.700801,gardening,4.8,31,84,29,2
537,Annaba,36.869986,7.764073,electricity,4.9,11,81,48,7
538,Annaba,36.887886,7.653641,gardening,3.9,25,64,44,7
539,Annaba,36.849965,7.609195,windowCleaning,4.1,18,4,32,16
540,Annaba,37.031313,7.627607,windowCleaning,4.7,3,68,40,14
541,Annaba,36.914751,7.627444,windowCleaning,4.8,19,51,46,13
542,Annaba,36.858571,7.730909,houseCleaning,3.9,49,4,43,11
543,Annaba,36.895639,7.754874,furnitureAssembly,4.4,42,71,46,5
544,Annaba,37.068854,7.696001,furnitureAssembly,4.5,37,25,27,5
545,Annaba,36.80129,7.620251,pestControl,3.6,38,33,51,8
546,Annaba,37.048457,7.715188,painting,3.2,35,34,50,2
547,Annaba,37.093105,7.712251,applianceInstallation,3.6,18,40,44,17
548,Annaba,36.920992,7.635028,gardening,3.0,35,15,57,5
549,Annaba,36.821392,7.764911,electricity,3.6,20,63,56,11
550,Annaba,36.933611,7.770005,vehicleRepair,4.4,7,91,38,12
551,Annaba,37.072073,7.765099,gardening,4.5,6,39,37,7
552,Annaba,36.914096,7.595216,vehicleRepair,3.4,34,46,33,19
553,Annaba,37.050617,7.784888,acRepair,4.5,29,79,47,14
554,Annaba,36.963223,7.762168,furnitureAssembly,4.4,34,61,60,19
555,Annaba,36.869699,7.676932,plumbing,4.4,8,63,35,16
556,Annaba,37.032087,7.61216,carpentry,3.3,39,35,60,4
557,Annaba,36.88257,7.764799,vehicleRepair,3.3,28,86,58,18
558,Annaba,36.814895,7.703908,acRepair,4.5,33,39,38,17
559,Annaba,37.06351,7.777134,vehicleRepair,3.6,28,76,48,9
560,Annaba,37.050141,7.776162,interiorDesign,4.8,16,99,44,1
561,Annaba,36.822469,7.702159,windowCleaning,3.5,6,8,45,4
562,Annaba,37.032155,7.67086,windowCleaning,4.6,18,56,48,2
563,Annaba,36.842411,7.698619,itSupport,3.4,31,91,57,16
564,Annaba,36.828144,7.641185,homeSecurity,4.9,36,92,52,17
565,Annaba,36.898558,7.6692,furnitureAssembly,3.6,32,5,30,4
566,Annaba,36.81834,7.69992,electricity,4.2,29,3,29,1
567,Annaba,36.982455,7.753448,interiorDesign,4.7,15,71,35,18
568,Annaba,37.076951,7.697986,pestControl,4.2,30,2,57,6
569,Annaba,36.970822,7.650059,pestControl,4.4,32,10,26,14
570,Annaba,36.807585,7.626241,applianceInstallation,3.1,5,57,47,6
571,Annaba,36.82183,7.718809,plumbing,3.7,19,45,60,12
572,Annaba,36.958823,7.754714,vehicleRepair,3.3,26,30,37,20
573,Annaba,36.927631,7.697109,itSupport,3.5,13,13,51,20
574,Annaba,36.819553,7.681372,applianceInstallation,4.4,17,57,31,9
575,Annaba,36.835507,7.791124,applianceInstallation,3.2,33,53,32,19
576,Annaba,37.075019,7.626821,vehicleRepair,4.2,26,28,55,19
577,Annaba,36.814725,7.741399,houseCleaning,4.6,36,87,53,2
578,Annaba,36.920018,7.804855,windowCleaning,3.2,42,97,46,3
579,Annaba,37.017993,7.620509,itSupport,4.7,33,28,44,10
580,Annaba,36.820844,7.588865,vehicleRepair,3.4,26,39,41,5
581,Annaba,36.796185,7.771154,electricity,4.8,11,2,34,17
582,Annaba,36.941638,7.668001,furnitureAssembly,3.6,1,18,53,16
583,Annaba,36.869885,7.711765,interiorDesign,4.7,4,51,28,10
584,Annaba,36.829112,7.652552,interiorDesign,3.1,34,27,49,11
585,Annaba,37.041336,7.741119,windowCleaning,3.4,7,2,58,6
586,Annaba,36.947533,7.764115,painting,3.8,7,1,53,4
587,Annaba,36.803695,7.653853,gardening,4.4,40,95,35,18
588,Annaba,36.828189,7.776943,acRepair,3.3,33,71,60,18
589,Annaba,37.058815,7.721754,plumbing,3.1,46,2,43,13
590,Annaba,37.011234,7.782788,gardening,3.4,39,36,30,8
591,Annaba,37.004641,7.786448,pestControl,3.8,43,7,57,5
592,Annaba,37.040702,7.624106,electricity,4.0,14,43,45,5
593,Annaba,37.07217,7.751628,electricity,3.6,2,12,45,14
594,Annaba,36.958993,7.707243,painting,4.7,15,46,53,13
595,Annaba,36.837778,7.788586,gardening,4.3,32,14,55,5
596,Annaba,37.089141,7.698379,interiorDesign,4.5,25,78,50,14
597,Annaba,37.076617,7.638153,interiorDesign,4.9,36,56,47,20
598,Annaba,36.927526,7.716417,vehicleRepair,3.4,32,100,59,1
599,Annaba,36.982743,7.791835,pestControl,3.0,28,66,54,18
600,Annaba,37.036445,7.673881,acRepair,3.1,50,7,43,17
601,Annaba,36.892264,7.704259,gardening,4.0,47,33,46,16
602,Annaba,37.019468,7.651574,acRepair,3.9,30,38,25,2
603,Annaba,37.087088,7.765976,homeSecurity,4.5,3,38,28,8
604,Annaba,36.841481,7.747172,acRepair,3.4,40,45,58,7
605,Annaba,36.939276,7.791442,itSupport,4.4,38,97,32,4
606,Annaba,36.897151,7.799399,houseCleaning,3.5,2,89,59,10
607,Annaba,37.075895,7.775796,furnitureAssembly,4.7,40,60,48,1
608,Annaba,36.943598,7.639578,painting,3.3,26,85,39,7
609,Annaba,37.031618,7.625253,acRepair,4.7,30,94,56,16
610,Annaba,36.875773,7.747848,homeSecurity,5.0,19,93,47,20
611,Annaba,37.080733,7.800452,applianceInstallation,3.9,17,21,46,15
612,Annaba,37.045368,7.760115,vehicleRepair,4.0,31,85,51,10
613,Annaba,36.829828,7.685276,homeSecurity,3.4,30,45,55,8
614,Annaba,37.097928,7.706153,vehicleRepair,4.4,46,51,28,15
615,Annaba,37.022853,7.709616,plumbing,3.1,25,50,38,10
616,Annaba,37.022851,7.666693,gardening,4.7,22,37,38,11
617,Annaba,37.029518,7.720785,itSupport,4.2,17,75,45,9
618,Annaba,36.980968,7.71904,applianceInstallation,4.9,6,98,46,5
619,Annaba,36.879477,7.736581,itSupport,3.3,48,13,40,1
620,Annaba,36.845236,7.72772,homeSecurity,3.2,47,57,52,17
621,Annaba,36.95783,7.740956,acRepair,3.3,26,96,34,3
622,Annaba,36.890863,7.63815,homeSecurity,3.5,38,71,50,6
623,Annaba,36.960501,7.751591,plumbing,3.3,48,92,51,18
624,Annaba,36.826971,7.736272,furnitureAssembly,3.1,38,72,49,18
625,Annaba,36.881861,7.772647,windowCleaning,4.5,12,27,60,14
626,Annaba,37.023415,7.762961,electricity,3.3,45,71,58,14
627,Annaba,36.976878,7.704064,windowCleaning,3.2,7,4,51,12
628,Annaba,36.892356,7.732838,gardening,3.8,32,35,34,19
629,Annaba,36.897451,7.584844,itSupport,4.8,4,79,48,6
630,Annaba,36.876303,7.651051,acRepair,4.7,45,18,58,9
631,Annaba,36.913276,7.761613,houseCleaning,4.3,28,60,52,14
632,Annaba,37.089068,7.711588,plumbing,3.2,24,64,42,16
633,Annaba,37.050537,7.69785,gardening,3.8,12,18,58,10
634,Annaba,36.984856,7.803898,pestControl,3.6,47,65,48,9
635,Annaba,37.003314,7.698877,furnitureAssembly,5.0,9,82,41,10
636,Annaba,36.979335,7.63637,carpentry,3.0,48,36,41,12
637,Annaba,36.98834,7.743767,pestControl,4.2,14,82,28,4
638,Annaba,36.986436,7.695295,electricity,3.4,45,13,37,17
639,Annaba,36.922669,7.748829,carpentry,3.8,36,29,36,17
640,Annaba,36.867432,7.603805,houseCleaning,3.1,19,87,40,10
641,Annaba,37.048967,7.636371,itSupport,4.4,3,16,38,4
642,Annaba,36.905665,7.725875,windowCleaning,4.2,39,28,57,11
643,Annaba,36.874247,7.789835,carpentry,4.3,27,13,42,9
644,Annaba,37.055227,7.743624,homeSecurity,3.8,50,2,46,2
645,Annaba,37.028154,7.623904,vehicleRepair,3.7,37,40,39,7
646,Annaba,36.849444,7.745606,interiorDesign,4.4,44,58,29,14
647,Annaba,37.008365,7.654827,acRepair,4.3,12,94,49,4
648,Annaba,36.947755,7.653149,carpentry,3.3,12,38,55,9
649,Annaba,36.955988,7.613699,applianceInstallation,3.8,10,77,49,7
650,Annaba,36.937538,7.687389,carpentry,3.9,20,40,44,3
651,Blida,36.495122,2.634263,windowCleaning,3.2,50,26,56,17
652,Blida,36.660762,2.721739,itSupport,4.3,47,82,40,7
653,Blida,36.451191,2.514557,vehicleRepair,3.3,15,36,57,9
654,Blida,36.530887,2.918435,interiorDesign,4.0,23,41,59,1
655,Blida,36.607114,2.812091,gardening,4.7,49,51,40,3
656,Blida,36.468328,2.935691,furnitureAssembly,4.0,38,46,32,11
657,Blida,36.569732,2.915408,vehicleRepair,4.1,45,94,30,13
658,Blida,36.430066,2.872977,homeSecurity,4.8,18,30,25,2
659,Blida,36.483977,2.86645,houseCleaning,3.6,26,69,59,5
660,Blida,36.685562,2.727915,houseCleaning,4.7,13,43,30,4
661,Blida,36.537873,2.911298,windowCleaning,3.5,29,70,40,15
662,Blida,36.633559,3.170466,electricity,3.2,44,60,55,9
663,Blida,36.553433,3.033549,windowCleaning,3.4,32,23,51,2
664,Blida,36.64685,2.643496,vehicleRepair,3.1,33,90,48,18
665,Blida,36.476163,3.034053,homeSecurity,4.8,27,54,49,11
666,Blida,36.70062,3.008039,interiorDesign,3.1,46,8,40,9
667,Blida,36.503416,2.831382,gardening,4.7,5,57,29,9
668,Blida,36.615939,2.77938,gardening,3.7,9,87,58,7
669,Blida,36.715221,2.716725,interiorDesign,4.7,16,35,57,18
670,Blida,36.569545,2.550683,houseCleaning,4.6,43,55,46,12
671,Blida,36.544314,2.66737,electricity,3.4,16,18,45,3
672,Blida,36.553238,2.809259,electricity,4.7,16,29,48,20
673,Blida,36.669008,2.51057,electricity,4.8,23,52,45,3
674,Blida,36.463188,2.839808,plumbing,3.7,16,14,29,11
675,Blida,36.63723,2.493908,furnitureAssembly,3.4,26,5,34,13
676,Blida,36.529124,2.711292,itSupport,4.6,12,28,37,16
677,Blida,36.462181,3.164717,homeSecurity,3.2,37,86,37,7
678,Blida,36.592608,2.602015,gardening,4.3,4,43,30,7
679,Blida,36.619119,2.629201,pestControl,3.5,30,41,60,3
680,Blida,36.623287,3.055535,plumbing,4.0,35,92,50,12
681,Blida,36.55578,2.766668,houseCleaning,3.9,26,45,46,3
682,Blida,36.397653,3.091585,electricity,3.3,39,43,31,6
683,Blida,36.530394,2.694443,pestControl,4.4,31,66,49,11
684,Blida,36.430816,3.194237,plumbing,4.0,30,25,45,18
685,Blida,36.504097,2.710015,electricity,4.9,47,29,38,1
686,Blida,36.531164,2.663677,acRepair,3.3,32,71,38,9
687,Blida,36.503484,2.965811,itSupport,4.0,49,49,52,17
688,Blida,36.644766,2.544787,vehicleRepair,4.9,35,72,52,9
689,Blida,36.418074,3.075311,pestControl,3.7,11,95,37,4
690,Blida,36.488756,2.895815,interiorDesign,3.3,33,1,32,9
691,Blida,36.543295,2.945347,houseCleaning,5.0,10,20,49,7
692,Blida,36.675439,3.094627,plumbing,4.8,10,26,45,11
693,Blida,36.565505,2.821068,carpentry,5.0,28,44,57,16
694,Blida,36.583211,2.633842,gardening,4.8,38,93,59,14
695,Blida,36.382014,2.8331,painting,4.4,42,15,32,6
696,Blida,36.490811,2.60777,gardening,4.4,2,7,53,8
697,Blida,36.562361,2.840148,electricity,3.5,16,63,31,8
698,Blida,36.65789,3.048495,vehicleRepair,3.5,43,15,49,14
699,Blida,36.585106,3.087368,furnitureAssembly,4.5,5,12,26,15
700,Blida,36.573389,3.131537,painting,4.6,11,91,30,1
701,Blida,36.481598,2.922253,vehicleRepair,3.3,47,42,36,18
702,Blida,36.666466,3.146124,acRepair,3.1,35,24,28,11
703,Blida,36.69563,2.602202,furnitureAssembly,3.0,15,62,31,20
704,Blida,36.54255,2.865554,windowCleaning,3.8,40,45,53,8
705,Blida,36.628184,2.645227,electricity,3.9,26,7,43,19
706,Blida,36.615531,2.805579,pestControl,5.0,45,47,48,16
707,Blida,36.522612,2.980311,electricity,4.5,10,42,49,4
708,Blida,36.630759,2.656105,itSupport,4.0,38,31,28,18
709,Blida,36.501865,3.166044,pestControl,4.5,45,80,32,18
710,Blida,36.693977,3.034239,pestControl,3.2,9,67,56,18
711,Blida,36.640884,2.828566,carpentry,3.1,23,84,39,2
712,Blida,36.666197,2.573899,acRepair,3.1,34,23,49,2
713,Blida,36.485308,2.658265,houseCleaning,3.5,3,54,59,16
714,Blida,36.675009,2.508644,homeSecurity,3.2,3,16,60,2
715,Blida,36.653196,3.192265,gardening,4.4,1,40,46,16
716,Blida,36.459442,2.572252,plumbing,3.8,27,32,41,14
717,Blida,36.515018,3.058573,interiorDesign,3.8,41,0,59,11
718,Blida,36.616171,2.877721,plumbing,4.5,9,13,60,4
719,Blida,36.390264,2.511498,itSupport,4.2,35,89,37,14
720,Blida,36.598116,2.931854,interiorDesign,4.0,36,2,30,8
721,Blida,36.397343,2.97615,carpentry,3.3,39,5,26,4
722,Blida,36.40888,3.156164,itSupport,3.6,10,31,40,20
723,Blida,36.609149,3.102051,painting,3.7,32,25,58,19
724,Blida,36.418313,2.616708,windowCleaning,3.6,4,42,30,14
725,Blida,36.490641,2.582775,plumbing,4.7,42,84,37,15
726,Blida,36.639284,2.885568,plumbing,3.2,10,47,42,8
727,Blida,36.594682,2.829964,painting,3.2,17,73,34,19
728,Blida,36.621998,3.050585,plumbing,4.1,48,40,30,1
729,Blida,36.450308,2.866972,houseCleaning,4.0,34,46,54,15
730,Blida,36.657763,2.886894,homeSecurity,4.4,9,97,35,2
731,Blida,36.627928,2.765884,furnitureAssembly,4.7,38,89,25,10
732,Blida,36.43826,3.018134,plumbing,3.6,15,43,57,16
733,Blida,36.615859,2.786506,gardening,4.8,23,75,58,4
734,Blida,36.602483,2.797092,acRepair,4.2,29,86,37,12
735,Blida,36.644185,2.56093,houseCleaning,3.9,38,55,60,4
736,Blida,36.690689,2.835952,carpentry,3.6,50,18,49,4
737,Blida,36.591224,2.705863,interiorDesign,3.0,30,79,25,5
738,Blida,36.502435,3.058553,gardening,3.6,33,23,26,1
739,Blida,36.46604,2.738206,painting,3.5,32,68,36,5
740,Blida,36.569953,2.936562,plumbing,4.6,4,62,32,4
741,Blida,36.45532,3.095508,applianceInstallation,3.5,33,20,54,16
742,Blida,36.477402,2.966028,plumbing,3.9,42,90,31,7
743,Blida,36.489384,2.795852,homeSecurity,4.9,14,74,41,19
744,Blida,36.42532,2.776505,applianceInstallation,3.4,48,30,51,10
745,Blida,36.552164,2.56137,furnitureAssembly,3.0,37,90,48,15
746,Blida,36.617832,2.808312,furnitureAssembly,3.9,37,60,52,2
747,Blida,36.439109,2.908245,painting,4.2,18,81,58,16
748,Blida,36.557417,2.821259,houseCleaning,3.3,1,80,48,1
749,Blida,36.628191,3.090055,carpentry,3.6,33,38,58,15
750,Blida,36.502168,3.0223,acRepair,4.3,5,5,43,20
751,Blida,36.676537,3.097237,houseCleaning,4.7,14,20,27,19
752,Blida,36.423864,2.628432,painting,3.2,9,21,58,20
753,Blida,36.508228,3.025973,applianceInstallation,4.0,15,29,44,10
754,Blida,36.654673,2.888252,homeSecurity,4.5,8,40,47,1
755,Blida,36.688457,2.912369,plumbing,3.5,32,96,35,15
756,Blida,36.519665,2.504234,houseCleaning,4.0,26,60,60,10
757,Blida,36.529365,3.059909,plumbing,3.9,19,84,27,9
758,Blida,36.445573,2.81921,gardening,3.7,44,66,27,16
759,Blida,36.406459,2.737008,itSupport,4.6,19,82,52,3
760,Blida,36.433295,2.652802,acRepair,4.3,26,32,60,18
761,Blida,36.478106,3.040113,applianceInstallation,4.0,8,81,43,8
762,Blida,36.4739,2.600279,vehicleRepair,4.1,50,81,55,18
763,Blida,36.62871,2.914043,itSupport,3.7,47,92,57,17
764,Blida,36.577817,2.722495,itSupport,3.7,12,85,28,13
765,Blida,36.400579,3.136432,applianceInstallation,3.2,34,60,40,4
766,Blida,36.563033,3.112939,houseCleaning,4.2,17,91,35,16
767,Blida,36.586181,3.035249,windowCleaning,3.6,34,38,44,10
768,Blida,36.650105,2.946196,applianceInstallation,4.1,43,51,28,6
769,Blida,36.681637,3.095016,gardening,4.2,16,86,51,13
770,Blida,36.438158,2.834798,applianceInstallation,3.2,20,48,29,13
771,Blida,36.667789,2.788141,homeSecurity,4.4,44,32,45,16
772,Blida,36.61108,2.841345,electricity,4.3,27,71,36,6
773,Blida,36.548193,3.110973,furnitureAssembly,3.5,6,70,30,17
774,Blida,36.536892,2.586209,electricity,3.1,38,8,51,1
775,Blida,36.494719,2.59004,vehicleRepair,4.2,50,83,43,11
776,Blida,36.585012,3.093872,pestControl,4.9,28,37,57,19
777,Blida,36.502181,2.536906,painting,4.7,35,51,41,1
778,Blida,36.630967,2.676335,electricity,4.6,46,4,59,6
779,Blida,36.632858,2.754406,electricity,4.7,33,65,60,6
780,Blida,36.39306,2.771699,plumbing,4.9,2,4,41,4
781,Blida,36.560546,2.679571,electricity,4.4,1,65,38,14
782,Blida,36.675848,2.988054,interiorDesign,4.0,49,99,57,9
783,Blida,36.683872,2.930495,pestControl,3.4,48,46,56,19
784,Blida,36.576642,2.916691,painting,4.1,38,15,46,9
785,Blida,36.520378,2.563422,furnitureAssembly,3.8,21,87,55,13
786,Blida,36.570358,2.859695,interiorDesign,3.2,38,20,58,7
787,Blida,36.593508,2.530404,itSupport,3.0,38,6,27,12
788,Blida,36.426154,2.74276,interiorDesign,3.1,2,49,36,8
789,Blida,36.511172,3.182634,acRepair,4.0,36,71,46,18
790,Blida,36.624852,2.945771,vehicleRepair,4.1,4,9,33,14
791,Blida,36.478047,3.050649,acRepair,4.0,48,68,53,12
792,Blida,36.54273,2.691752,interiorDesign,4.7,9,82,50,4
793,Blida,36.642537,2.514925,carpentry,4.2,3,64,55,5
794,Blida,36.5692,2.984568,acRepair,4.8,4,56,37,16
795,Blida,36.63813,2.502094,pestControl,4.7,49,45,58,8
796,Blida,36.513132,3.06272,homeSecurity,4.9,12,61,54,17
797,Blida,36.679837,2.907895,applianceInstallation,4.2,8,72,46,17
798,Blida,36.594617,2.566252,carpentry,3.2,47,25,27,4
799,Blida,36.454456,2.995455,electricity,3.0,9,91,31,5
800,Blida,36.682191,3.183802,homeSecurity,3.1,17,66,50,6
801,Sétif,35.746893,6.181914,homeSecurity,3.6,26,93,39,14
802,Sétif,35.838351,6.372117,vehicleRepair,3.1,6,94,46,10
803,Sétif,36.279808,6.292531,interiorDesign,3.0,11,41,33,2
804,Sétif,36.081565,6.346566,interiorDesign,4.0,20,25,32,13
805,Sétif,36.314742,5.710706,windowCleaning,3.1,31,56,60,14
806,Sétif,36.033568,5.669035,plumbing,4.0,37,51,35,10
807,Sétif,36.067913,6.350334,carpentry,3.7,6,7,36,3
808,Sétif,35.840133,5.499112,itSupport,3.8,36,81,35,1
809,Sétif,36.510215,5.574626,itSupport,4.5,40,48,46,17
810,Sétif,36.193096,5.80231,furnitureAssembly,3.3,12,51,28,1
811,Sétif,36.323306,6.22107,interiorDesign,3.7,22,67,48,9
812,Sétif,36.098916,6.323125,homeSecurity,3.1,2,56,43,16
813,Sétif,36.028564,5.903152,applianceInstallation,4.9,49,55,25,15
814,Sétif,35.69085,6.147895,pestControl,4.0,42,22,33,18
815,Sétif,35.535735,5.291859,gardening,4.2,20,54,43,15
816,Sétif,35.708978,5.580037,carpentry,4.4,28,80,35,3
817,Sétif,36.268916,5.34451,vehicleRepair,4.2,45,9,31,4
818,Sétif,36.020827,6.36769,painting,3.8,15,33,45,5
819,Sétif,36.254598,5.894236,vehicleRepair,4.1,23,34,37,1
820,Sétif,35.73823,5.41431,interiorDesign,4.2,11,4,55,9
821,Sétif,35.958955,6.49643,gardening,4.4,3,79,54,6
822,Sétif,35.607147,5.603767,vehicleRepair,4.1,3,49,51,13
823,Sétif,35.872772,6.345162,acRepair,3.9,46,67,59,9
824,Sétif,35.984826,6.057618,applianceInstallation,4.0,26,0,27,12
825,Sétif,35.902641,5.663588,furnitureAssembly,3.5,36,63,47,19
826,Sétif,36.064156,6.39537,itSupport,3.3,29,9,50,19
827,Sétif,36.097758,5.773944,vehicleRepair,4.9,28,32,54,8
828,Sétif,36.138779,6.411014,gardening,4.1,18,35,43,15
829,Sétif,36.38361,5.559937,electricity,4.9,23,22,48,18
830,Sétif,35.899079,5.60843,windowCleaning,4.5,14,62,58,2
831,Sétif,36.509668,5.836402,electricity,4.2,31,31,29,6
832,Sétif,35.81061,5.520001,homeSecurity,4.2,3,40,51,1
833,Sétif,35.633497,5.957875,homeSecurity,4.2,22,46,40,15
834,Sétif,36.305117,6.153169,vehicleRepair,3.5,27,59,36,3
835,Sétif,36.157052,6.076478,applianceInstallation,4.3,5,62,40,5
836,Sétif,35.776947,6.219508,applianceInstallation,4.1,35,84,55,2
837,Sétif,36.449639,5.676608,gardening,4.2,28,45,50,5
838,Sétif,35.826893,5.623921,acRepair,3.4,24,65,50,19
839,Sétif,35.489318,5.670305,windowCleaning,5.0,4,67,52,20
840,Sétif,36.391159,6.403437,plumbing,4.1,12,24,31,5
841,Sétif,36.526846,5.729363,electricity,4.0,12,81,51,19
842,Sétif,35.640597,6.248189,itSupport,3.9,43,94,32,7
843,Sétif,35.661907,6.223758,plumbing,3.8,4,4,57,17
844,Sétif,36.178761,6.115732,furnitureAssembly,3.8,36,57,52,9
845,Sétif,35.58532,6.244993,gardening,4.1,45,90,56,7
846,Sétif,36.548678,5.515998,interiorDesign,3.4,49,18,43,10
847,Sétif,35.826709,5.821629,vehicleRepair,3.7,18,26,38,9
848,Sétif,35.616177,5.821587,gardening,3.8,19,64,48,4
849,Sétif,35.762087,5.848293,windowCleaning,4.9,44,72,41,6
850,Sétif,36.419353,5.353148,homeSecurity,4.4,12,41,39,12
851,Sétif,36.387135,6.218886,applianceInstallation,4.2,1,96,36,2
852,Sétif,36.495254,5.99958,houseCleaning,4.7,29,69,53,15
853,Sétif,36.085129,5.702502,applianceInstallation,4.4,39,64,40,6
854,Sétif,35.725283,5.886958,gardening,3.2,5,35,34,16
855,Sétif,35.52782,6.391917,furnitureAssembly,4.9,48,57,56,2
856,Sétif,35.735752,6.227707,interiorDesign,4.4,32,19,44,19
857,Sétif,35.594713,6.168222,plumbing,3.4,19,90,47,6
858,Sétif,36.573501,5.361722,pestControl,3.9,9,16,32,5
859,Sétif,36.263293,6.462423,painting,3.6,37,60,59,14
860,Sétif,36.161264,6.207162,vehicleRepair,3.1,44,90,58,14
861,Sétif,36.420065,5.601858,pestControl,4.9,11,99,43,14
862,Sétif,35.774771,5.575489,applianceInstallation,5.0,7,69,28,17
863,Sétif,35.806029,5.440369,itSupport,4.5,37,60,33,7
864,Sétif,36.577736,5.841248,plumbing,3.8,13,65,41,12
865,Sétif,35.532975,6.189904,interiorDesign,4.5,28,41,31,15
866,Sétif,35.590083,5.964806,homeSecurity,4.4,8,74,54,3
867,Sétif,35.675905,5.690731,pestControl,4.0,3,20,46,8
868,Sétif,36.38946,5.755746,pestControl,3.5,23,4,52,18
869,Sétif,35.640361,6.252758,acRepair,3.5,14,50,31,8
870,Sétif,36.364959,5.710793,interiorDesign,3.6,42,32,45,7
871,Sétif,36.140799,6.424153,plumbing,3.9,26,38,38,16
872,Sétif,36.206595,6.367098,carpentry,4.0,43,38,46,8
873,Sétif,36.407557,5.875572,gardening,3.1,17,53,40,15
874,Sétif,36.546223,6.037277,homeSecurity,3.6,32,56,25,13
875,Sétif,36.385895,5.981924,pestControl,4.4,25,57,39,10
876,Sétif,35.675754,6.180411,interiorDesign,3.8,35,19,58,5
877,Sétif,35.712611,5.39415,furnitureAssembly,3.5,20,33,30,1
878,Sétif,35.856474,5.50498,pestControl,4.7,43,88,54,16
879,Sétif,35.776256,5.577999,carpentry,4.0,50,29,30,11
880,Sétif,35.747107,5.466766,vehicleRepair,3.3,26,80,40,10
881,Sétif,35.848245,5.725456,interiorDesign,3.6,29,80,26,14
882,Sétif,35.810127,5.972788,acRepair,4.5,26,73,37,6
883,Sétif,36.310527,6.470219,painting,3.2,13,54,50,15
884,Sétif,35.759749,5.944168,applianceInstallation,4.7,16,93,38,4
885,Sétif,36.449179,5.663627,plumbing,4.3,47,44,30,9
886,Sétif,35.867458,5.400635,painting,4.6,30,22,49,6
887,Sétif,36.317929,5.42142,vehicleRepair,3.1,16,45,39,2
888,Sétif,36.193018,6.421954,painting,4.9,50,61,53,15
889,Sétif,35.894002,6.102967,furnitureAssembly,4.3,47,16,29,5
890,Sétif,36.040518,6.194138,plumbing,3.7,44,80,42,8
891,Sétif,36.400119,6.251591,pestControl,3.5,8,23,34,20
892,Sétif,35.996169,6.411089,gardening,4.4,37,99,42,6
893,Sétif,35.997672,5.598436,interiorDesign,4.6,9,49,33,9
894,Sétif,36.510627,5.435649,houseCleaning,3.2,48,53,55,14
895,Sétif,35.927229,6.200407,itSupport,4.2,13,50,44,18
896,Sétif,36.158113,6.037615,acRepair,3.3,31,32,54,8
897,Sétif,36.515425,5.979459,carpentry,4.8,12,77,49,17
898,Sétif,35.848381,6.284658,electricity,3.8,13,60,38,16
899,Sétif,35.936572,6.184397,acRepair,3.3,35,93,47,7
900,Sétif,35.969835,5.716434,houseCleaning,4.4,44,46,42,19
901,Sétif,35.740859,5.446031,plumbing,3.2,50,79,36,19
902,Sétif,35.861052,6.196581,vehicleRepair,4.2,37,45,45,4
903,Sétif,35.65746,6.056423,homeSecurity,3.8,11,57,43,6
904,Sétif,36.544947,5.824867,vehicleRepair,4.5,36,46,60,16
905,Sétif,35.909081,5.829103,pestControl,3.0,30,75,41,13
906,Sétif,36.473995,5.697048,itSupport,3.7,47,95,39,8
907,Sétif,36.195347,5.929104,homeSecurity,4.5,33,94,37,8
908,Sétif,36.077777,5.752697,applianceInstallation,3.5,29,43,55,10
909,Sétif,35.938814,5.61974,interiorDesign,4.3,42,65,52,7
910,Sétif,35.584005,5.997903,applianceInstallation,4.4,1,33,44,11
911,Sétif,35.767606,5.569169,painting,4.6,50,86,54,18
912,Sétif,36.332444,6.424791,gardening,3.1,20,95,54,4
913,Sétif,35.723564,6.119166,carpentry,4.1,16,61,47,8
914,Sétif,36.397107,6.023366,acRepair,3.9,20,99,31,11
915,Sétif,36.449204,5.476072,vehicleRepair,3.1,2,68,25,4
916,Sétif,36.477429,5.87437,itSupport,3.1,8,74,60,14
917,Sétif,36.170666,6.146591,windowCleaning,3.4,45,11,29,20
918,Sétif,36.402906,6.277088,homeSecurity,4.6,2,55,41,11
919,Sétif,36.046219,5.889253,gardening,4.5,31,56,43,7
920,Sétif,35.865083,6.16759,electricity,3.2,6,7,33,15
921,Sétif,36.295541,5.408836,painting,3.3,27,17,36,7
922,Sétif,36.369322,6.029779,acRepair,3.5,31,31,51,5
923,Sétif,35.902913,5.708971,carpentry,3.8,41,87,45,20
924,Sétif,35.765257,6.133955,painting,4.7,10,77,43,17
925,Sétif,35.859082,5.99128,interiorDesign,3.1,8,75,43,12
926,Sétif,36.093396,6.191315,furnitureAssembly,3.8,22,84,29,11
927,Sétif,35.6247,5.81703,furnitureAssembly,3.6,29,90,42,10
928,Sétif,35.795945,5.38802,pestControl,3.4,48,32,39,3
929,Sétif,35.860656,6.41333,applianceInstallation,4.4,33,22,46,5
930,Sétif,36.355877,6.007219,houseCleaning,4.2,45,98,42,3
931,Sétif,35.665439,5.808624,carpentry,3.1,5,16,60,1
932,Sétif,36.536003,6.151622,painting,3.9,28,100,43,14
933,Sétif,35.572802,5.838398,gardening,4.5,25,23,40,18
934,Sétif,35.635006,5.623531,carpentry,3.6,33,16,48,20
935,Sétif,36.491205,5.78821,plumbing,5.0,16,62,57,5
936,Sétif,35.532458,5.816177,applianceInstallation,3.3,15,74,45,4
937,Sétif,35.675981,6.043273,interiorDesign,3.2,10,31,47,7
938,Sétif,36.31781,6.065231,carpentry,4.5,47,66,50,9
939,Sétif,35.618655,6.005922,homeSecurity,4.1,27,40,56,5
940,Sétif,35.720627,6.030711,plumbing,4.8,24,41,26,5
941,Sétif,36.257376,5.515013,electricity,3.5,16,71,59,11
942,Sétif,36.010645,5.663577,windowCleaning,3.7,38,6,27,5
943,Sétif,36.060168,5.71509,itSupport,4.9,37,68,42,7
944,Sétif,35.693156,5.324519,plumbing,3.7,42,14,43,17
945,Sétif,35.812412,5.312466,gardening,3.0,15,50,42,3
946,Sétif,36.123944,5.455403,applianceInstallation,3.5,5,94,58,9
947,Sétif,35.735717,6.490567,itSupport,4.9,36,2,56,15
948,Sétif,36.057875,5.680376,carpentry,4.8,38,4,34,19
949,Sétif,36.346011,5.580563,plumbing,3.7,23,80,42,13
950,Sétif,35.813408,5.861107,applianceInstallation,3.4,32,24,31,16
951,Tébessa,35.282007,8.356862,homeSecurity,3.3,6,96,42,3
952,Tébessa,35.31597,8.438965,homeSecurity,3.4,28,89,44,13
953,Tébessa,35.072788,8.116283,gardening,4.5,36,58,37,3
954,Tébessa,35.346549,7.762408,houseCleaning,4.6,46,33,30,10
955,Tébessa,35.159824,8.307852,interiorDesign,3.3,50,81,53,4
956,Tébessa,35.551092,7.760815,carpentry,4.7,38,46,44,3
957,Tébessa,35.44614,8.262268,gardening,4.9,41,38,27,18
958,Tébessa,35.420586,8.041312,interiorDesign,3.3,21,99,51,15
959,Tébessa,35.608598,7.789949,houseCleaning,5.0,31,19,35,8
960,Tébessa,34.775678,7.800641,furnitureAssembly,3.0,16,51,45,6
961,Tébessa,34.700797,8.22422,pestControl,3.3,3,98,37,4
962,Tébessa,34.617694,7.888247,furnitureAssembly,5.0,49,21,55,16
963,Tébessa,34.913642,8.2293,carpentry,5.0,49,85,53,8
964,Tébessa,35.258773,8.629772,houseCleaning,4.5,16,61,46,19
965,Tébessa,35.356897,7.907901,plumbing,3.9,48,75,37,3
966,Tébessa,34.647132,7.934051,pestControl,5.0,1,37,41,20
967,Tébessa,35.269156,7.647363,homeSecurity,3.0,44,20,29,10
968,Tébessa,34.741935,8.142656,carpentry,4.4,38,86,38,8
969,Tébessa,35.243314,7.924773,carpentry,4.4,28,39,56,2
970,Tébessa,35.310312,8.661067,painting,3.9,1,91,55,3
971,Tébessa,35.497494,8.056167,electricity,4.9,13,47,26,14
972,Tébessa,34.505643,7.874986,painting,3.3,41,29,26,9
973,Tébessa,35.719561,8.641215,windowCleaning,3.9,50,18,49,1
974,Tébessa,34.924859,8.251413,houseCleaning,3.8,33,57,41,20
975,Tébessa,35.724344,8.10432,electricity,3.5,46,86,54,12
976,Tébessa,35.707801,8.289255,vehicleRepair,3.2,28,67,52,7
977,Tébessa,34.523752,8.286947,gardening,4.6,37,20,44,19
978,Tébessa,35.649592,7.685841,interiorDesign,3.5,24,85,39,12
979,Tébessa,35.602767,7.8809,plumbing,4.6,8,30,33,14
980,Tébessa,34.732785,8.13465,vehicleRepair,3.2,27,31,60,2
981,Tébessa,35.576544,7.623506,electricity,4.9,39,8,52,2
982,Tébessa,35.372464,8.300235,acRepair,4.0,28,16,30,7
983,Tébessa,35.700115,7.921387,houseCleaning,3.1,13,34,57,11
984,Tébessa,35.032961,8.274957,houseCleaning,4.2,36,25,54,13
985,Tébessa,35.533418,7.845038,carpentry,3.3,36,75,39,19
986,Tébessa,35.740522,8.041166,homeSecurity,3.9,23,63,30,3
987,Tébessa,35.493286,7.933527,applianceInstallation,4.0,28,60,35,15
988,Tébessa,35.741647,8.560858,windowCleaning,3.5,47,96,52,19
989,Tébessa,35.642909,7.891019,painting,3.1,1,48,30,18
990,Tébessa,35.730589,8.595455,painting,3.9,44,40,47,9
991,Tébessa,34.741553,8.633813,furnitureAssembly,4.6,35,12,37,20
992,Tébessa,35.276558,7.720703,plumbing,4.2,6,80,47,5
993,Tébessa,35.436458,8.087753,electricity,4.4,40,63,51,8
994,Tébessa,35.324284,7.777344,interiorDesign,3.2,35,4,47,17
995,Tébessa,35.440162,7.818112,acRepair,3.0,4,74,45,4
996,Tébessa,35.509744,8.397777,houseCleaning,4.2,18,99,56,1
997,Tébessa,35.806585,7.857683,furnitureAssembly,4.9,35,21,55,1
998,Tébessa,34.515968,8.638809,itSupport,4.5,33,74,50,2
999,Tébessa,34.682875,8.662053,applianceInstallation,3.5,1,82,57,1
1000,Tébessa,34.859199,8.001015,houseCleaning,4.5,37,39,41,8
1001,Tébessa,35.696753,8.019965,houseCleaning,3.2,40,25,34,9
1002,Tébessa,35.417073,7.698717,interiorDesign,3.6,38,3,37,3
1003,Tébessa,35.180539,8.386542,plumbing,3.9,22,61,42,9
1004,Tébessa,34.974353,7.660518,homeSecurity,3.3,21,45,57,2
1005,Tébessa,35.026044,8.55898,vehicleRepair,3.1,12,89,38,12
1006,Tébessa,34.523073,7.969964,vehicleRepair,3.9,15,77,47,1
1007,Tébessa,35.69169,7.761547,interiorDesign,3.8,11,41,60,6
1008,Tébessa,35.591244,7.594908,plumbing,4.3,18,78,47,5
1009,Tébessa,35.286874,8.489779,painting,4.5,47,40,56,12
1010,Tébessa,34.6542,8.504098,homeSecurity,3.1,47,42,44,13
1011,Tébessa,34.582465,7.651519,acRepair,4.1,12,34,52,1
1012,Tébessa,35.431087,7.861022,carpentry,3.0,3,5,59,20
1013,Tébessa,35.479995,8.449929,gardening,4.3,8,22,26,4
1014,Tébessa,35.126973,8.044127,vehicleRepair,4.9,12,50,41,8
1015,Tébessa,35.519603,7.526435,carpentry,3.2,44,37,31,4
1016,Tébessa,35.63177,8.502199,homeSecurity,3.1,26,99,60,4
1017,Tébessa,35.593259,7.556058,interiorDesign,3.4,1,9,54,17
1018,Tébessa,34.520141,8.169149,windowCleaning,3.2,18,58,42,12
1019,Tébessa,34.903742,7.689326,pestControl,4.9,41,58,54,20
1020,Tébessa,35.348067,8.399045,houseCleaning,5.0,21,8,44,5
1021,Tébessa,35.691865,7.561055,vehicleRepair,3.9,38,18,52,5
1022,Tébessa,34.724489,8.055332,itSupport,3.4,38,13,27,16
1023,Tébessa,35.748142,8.630018,interiorDesign,4.4,41,40,29,18
1024,Tébessa,34.688472,8.220789,applianceInstallation,3.3,14,13,48,13
1025,Tébessa,34.666911,8.07676,houseCleaning,3.4,13,26,39,13
1026,Tébessa,35.607228,8.613161,electricity,4.5,11,66,29,11
1027,Tébessa,35.022584,8.523847,interiorDesign,3.3,47,61,40,18
1028,Tébessa,34.594926,7.684896,houseCleaning,3.1,13,3,25,20
1029,Tébessa,34.587373,8.666833,windowCleaning,3.9,15,24,55,4
1030,Tébessa,35.247959,8.574651,homeSecurity,4.8,17,45,36,1
1031,Tébessa,34.568301,7.918092,itSupport,4.1,24,75,59,9
1032,Tébessa,35.501316,7.986704,windowCleaning,4.7,22,72,43,2
1033,Tébessa,35.719717,7.793684,pestControl,3.0,27,60,56,15
1034,Tébessa,34.927103,7.830742,gardening,3.1,31,59,46,5
1035,Tébessa,35.693481,7.839419,houseCleaning,3.5,39,93,51,6
1036,Tébessa,35.200828,7.517665,applianceInstallation,4.0,31,42,58,13
1037,Tébessa,35.169843,7.926745,gardening,3.5,32,31,52,17
1038,Tébessa,35.720604,7.726431,gardening,4.2,9,97,28,15
1039,Tébessa,34.813229,7.837664,plumbing,3.3,1,41,53,3
1040,Tébessa,35.236865,8.339421,furnitureAssembly,4.1,40,57,29,11
1041,Tébessa,35.499763,8.068519,windowCleaning,4.8,12,92,58,15
1042,Tébessa,35.356478,8.091815,applianceInstallation,4.6,35,66,58,10
1043,Tébessa,34.718643,7.53963,furnitureAssembly,4.1,7,1,49,9
1044,Tébessa,35.401099,7.589931,gardening,3.5,15,27,26,10
1045,Tébessa,35.173085,8.251433,electricity,4.4,30,13,26,20
1046,Tébessa,35.210015,7.810205,windowCleaning,4.2,47,25,35,20
1047,Tébessa,35.178983,8.391168,itSupport,3.9,47,36,48,11
1048,Tébessa,35.163304,7.743582,homeSecurity,4.5,45,27,48,3
1049,Tébessa,35.475792,7.703562,electricity,3.1,20,81,37,9
1050,Tébessa,34.934263,8.079733,acRepair,4.3,22,75,55,11
1051,Tébessa,35.435061,8.474954,acRepair,4.6,12,6,35,4
1052,Tébessa,34.758363,8.341602,interiorDesign,4.3,28,86,38,11
1053,Tébessa,35.213559,8.060404,vehicleRepair,5.0,33,35,57,19
1054,Tébessa,34.84774,8.33072,houseCleaning,4.8,39,72,28,19
1055,Tébessa,35.165202,7.667252,plumbing,4.9,30,77,51,15
1056,Tébessa,34.642267,8.1438,itSupport,4.3,18,5,33,19
1057,Tébessa,34.855589,8.10969,houseCleaning,3.1,50,48,51,5
1058,Tébessa,34.857686,7.697549,plumbing,4.8,16,90,46,12
1059,Tébessa,34.942361,7.728719,vehicleRepair,4.7,34,8,46,12
1060,Tébessa,34.956985,7.842162,itSupport,3.7,34,39,38,12
1061,Tébessa,34.9915,7.679666,itSupport,3.6,41,36,29,9
1062,Tébessa,35.092528,7.716192,applianceInstallation,3.0,3,19,31,1
1063,Tébessa,35.348586,7.977796,painting,3.5,43,2,52,18
1064,Tébessa,35.687817,8.244382,gardening,4.2,36,19,51,9
1065,Tébessa,35.111404,8.098148,plumbing,4.5,9,11,33,19
1066,Tébessa,34.842125,8.27758,homeSecurity,3.7,49,5,54,7
1067,Tébessa,35.377969,8.072882,vehicleRepair,4.1,5,49,26,14
1068,Tébessa,35.64182,8.17556,pestControl,3.2,17,29,27,12
1069,Tébessa,35.763341,8.555793,painting,3.4,41,28,38,14
1070,Tébessa,35.160151,8.550999,pestControl,4.7,31,53,29,4
1071,Tébessa,35.340621,7.811621,homeSecurity,3.7,7,87,51,1
1072,Tébessa,35.044436,8.591547,houseCleaning,4.0,8,2,42,20
1073,Tébessa,35.790846,7.859415,windowCleaning,3.7,28,20,54,12
1074,Tébessa,34.654094,8.035296,electricity,3.4,13,54,40,19
1075,Tébessa,35.641565,8.135636,homeSecurity,3.9,48,27,46,14
1076,Tébessa,35.666901,7.533286,plumbing,4.1,42,9,49,18
1077,Tébessa,35.02578,7.796914,carpentry,4.2,46,44,45,3
1078,Tébessa,34.839609,8.344283,applianceInstallation,3.7,40,51,34,8
1079,Tébessa,35.137793,8.547387,interiorDesign,3.1,49,30,38,15
1080,Tébessa,35.310329,7.73692,interiorDesign,4.0,8,99,47,14
1081,Tébessa,35.323321,8.594229,acRepair,3.2,39,24,55,19
1082,Tébessa,35.08694,7.682952,interiorDesign,4.2,12,52,54,20
1083,Tébessa,35.242742,8.090694,painting,3.8,10,65,46,18
1084,Tébessa,35.522724,8.018044,houseCleaning,3.4,8,66,29,15
1085,Tébessa,35.111128,8.395539,plumbing,4.7,39,68,46,5
1086,Tébessa,35.354766,7.79189,carpentry,4.8,34,12,25,13
1087,Tébessa,35.117656,8.528024,gardening,3.3,43,71,30,11
1088,Tébessa,34.611248,8.266063,plumbing,3.9,21,52,29,18
1089,Tébessa,35.250706,7.842357,plumbing,4.4,6,74,56,20
1090,Tébessa,35.104323,8.315591,homeSecurity,3.2,38,67,42,2
1091,Tébessa,34.820443,7.947967,acRepair,3.7,43,47,49,19
1092,Tébessa,35.740693,8.44918,interiorDesign,4.4,46,62,39,7
1093,Tébessa,34.503967,7.595107,homeSecurity,4.1,45,62,55,10
1094,Tébessa,35.003569,7.805525,applianceInstallation,3.8,35,6,26,5
1095,Tébessa,35.685707,7.867223,furnitureAssembly,3.9,7,46,40,15
1096,Tébessa,35.566558,8.344133,plumbing,3.4,40,73,47,17
1097,Tébessa,34.826055,8.041697,homeSecurity,4.2,50,39,44,9
1098,Tébessa,34.895591,8.502802,interiorDesign,4.3,30,17,29,19
1099,Tébessa,35.540455,8.066609,plumbing,3.2,8,19,59,8
1100,Tébessa,34.85446,8.315781,itSupport,3.5,1,65,54,1
